year,indicator,LifeZone,pool_tc_sum,area_sum,pool_tc_per_ha,run
2010,Deadwood,Boreal wet forest,381917247.44476736,5190377.072927469,73.58179224334445,"Modified Decay, Turnover and Spinup parameters"
2010,Deadwood,Cool temperate moist forest,485359000.6118585,6692252.221012427,72.52550928787794,"Modified Decay, Turnover and Spinup parameters"
2010,Deadwood,Cool temperate steppe,2993498.2755331434,41655.13748523968,71.86384336371178,"Modified Decay, Turnover and Spinup parameters"
2010,Deadwood,Cool temperate wet forest,13341652.530735178,184465.87289243154,72.3258580112277,"Modified Decay, Turnover and Spinup parameters"
2010,Deadwood,Polar rain tundra,31085577.4998072,414548.85008504183,74.9865244914567,"Modified Decay, Turnover and Spinup parameters"
2010,Litter,Boreal wet forest,78526652.68218192,5190377.072927469,15.129277040731731,"Modified Decay, Turnover and Spinup parameters"
2010,Litter,Cool temperate moist forest,97850471.01691525,6692252.221012427,14.62145594418617,"Modified Decay, Turnover and Spinup parameters"
2010,Litter,Cool temperate steppe,594263.8018205551,41655.13748523968,14.266278728071178,"Modified Decay, Turnover and Spinup parameters"
2010,Litter,Cool temperate wet forest,2682722.0488020503,184465.87289243154,14.543188974398744,"Modified Decay, Turnover and Spinup parameters"
2010,Litter,Polar rain tundra,6526222.727762696,414548.85008504183,15.742952191096144,"Modified Decay, Turnover and Spinup parameters"
2010,Soil Carbon,Boreal wet forest,345473154.4866056,5190377.072927469,66.56031915071486,"Modified Decay, Turnover and Spinup parameters"
2010,Soil Carbon,Cool temperate moist forest,436572577.77948874,6692252.221012427,65.23552361172702,"Modified Decay, Turnover and Spinup parameters"
2010,Soil Carbon,Cool temperate steppe,2676895.917046654,41655.13748523968,64.26328368247977,"Modified Decay, Turnover and Spinup parameters"
2010,Soil Carbon,Cool temperate wet forest,11999824.156550456,184465.87289243154,65.0517299942411,"Modified Decay, Turnover and Spinup parameters"
2010,Soil Carbon,Polar rain tundra,28225511.377220906,414548.85008504183,68.0872986897217,"Modified Decay, Turnover and Spinup parameters"
2010,Total Biomass,Boreal wet forest,40498385.66845538,5190377.072927469,7.802590274161629,"Modified Decay, Turnover and Spinup parameters"
2010,Total Biomass,Cool temperate moist forest,52216902.09191807,6692252.221012427,7.802590274163117,"Modified Decay, Turnover and Spinup parameters"
2010,Total Biomass,Cool temperate steppe,325017.9706112354,41655.13748523968,7.802590274162561,"Modified Decay, Turnover and Spinup parameters"
2010,Total Biomass,Cool temperate wet forest,1439311.6257453822,184465.87289243154,7.802590274162499,"Modified Decay, Turnover and Spinup parameters"
2010,Total Biomass,Polar rain tundra,3234554.825838821,414548.85008504183,7.8025902741625615,"Modified Decay, Turnover and Spinup parameters"
2011,Deadwood,Boreal wet forest,365342854.6000514,5190377.072927469,70.38849961511394,"Modified Decay, Turnover and Spinup parameters"
2011,Deadwood,Cool temperate moist forest,463075414.7909188,6692252.221012427,69.19575047350251,"Modified Decay, Turnover and Spinup parameters"
2011,Deadwood,Cool temperate steppe,2850504.325740751,41655.13748523968,68.43103871043074,"Modified Decay, Turnover and Spinup parameters"
2011,Deadwood,Cool temperate wet forest,12724082.399862532,184465.87289243154,68.97797516878575,"Modified Decay, Turnover and Spinup parameters"
2011,Deadwood,Polar rain tundra,29825352.44129333,414548.85008504183,71.94653280349195,"Modified Decay, Turnover and Spinup parameters"
2011,Litter,Boreal wet forest,82005261.58384201,5190377.072927469,15.799480544790075,"Modified Decay, Turnover and Spinup parameters"
2011,Litter,Cool temperate moist forest,101954653.78672704,6692252.221012427,15.234729717240542,"Modified Decay, Turnover and Spinup parameters"
2011,Litter,Cool temperate steppe,618057.4717098831,41655.13748523968,14.837484858353646,"Modified Decay, Turnover and Spinup parameters"
2011,Litter,Cool temperate wet forest,2794394.8418177543,184465.87289243154,15.148573543721353,"Modified Decay, Turnover and Spinup parameters"
2011,Litter,Polar rain tundra,6831133.58422581,414548.85008504183,16.478476741219882,"Modified Decay, Turnover and Spinup parameters"
2011,Soil Carbon,Boreal wet forest,343771261.6600823,5190377.072927469,66.23242528046019,"Modified Decay, Turnover and Spinup parameters"
2011,Soil Carbon,Cool temperate moist forest,434500936.46192634,6692252.221012427,64.9259654466809,"Modified Decay, Turnover and Spinup parameters"
2011,Soil Carbon,Cool temperate steppe,2664600.8185338797,41655.13748523968,63.96811964617977,"Modified Decay, Turnover and Spinup parameters"
2011,Soil Carbon,Cool temperate wet forest,11943133.974308394,184465.87289243154,64.74440928850211,"Modified Decay, Turnover and Spinup parameters"
2011,Soil Carbon,Polar rain tundra,28081379.147056483,414548.85008504183,67.73961414027751,"Modified Decay, Turnover and Spinup parameters"
2011,Total Biomass,Boreal wet forest,63127753.41789802,5190377.072927469,12.16245997755473,"Modified Decay, Turnover and Spinup parameters"
2011,Total Biomass,Cool temperate moist forest,81394249.79777601,6692252.221012427,12.162459977556317,"Modified Decay, Turnover and Spinup parameters"
2011,Total Biomass,Cool temperate steppe,506628.94252384186,41655.13748523968,12.16245997755652,"Modified Decay, Turnover and Spinup parameters"
2011,Total Biomass,Cool temperate wet forest,2243558.7962792227,184465.87289243154,12.162459977556498,"Modified Decay, Turnover and Spinup parameters"
2011,Total Biomass,Polar rain tundra,5041933.797901463,414548.85008504183,12.162459977556674,"Modified Decay, Turnover and Spinup parameters"
2012,Deadwood,Boreal wet forest,350466832.33683264,5190377.072927469,67.52242224651374,"Modified Decay, Turnover and Spinup parameters"
2012,Deadwood,Cool temperate moist forest,443144632.01550263,6692252.221012427,66.21756284440549,"Modified Decay, Turnover and Spinup parameters"
2012,Deadwood,Cool temperate steppe,2722962.838314077,41655.13748523968,65.36919579917237,"Modified Decay, Turnover and Spinup parameters"
2012,Deadwood,Cool temperate wet forest,12171897.00315273,184465.87289243154,65.98454669309258,"Modified Decay, Turnover and Spinup parameters"
2012,Deadwood,Polar rain tundra,28690038.6812533,414548.85008504183,69.20785976216732,"Modified Decay, Turnover and Spinup parameters"
2012,Litter,Boreal wet forest,85104473.76759398,5190377.072927469,16.396587872486396,"Modified Decay, Turnover and Spinup parameters"
2012,Litter,Cool temperate moist forest,105560783.32000946,6692252.221012427,15.773581125434609,"Modified Decay, Turnover and Spinup parameters"
2012,Litter,Cool temperate steppe,638749.0901945629,41655.13748523968,15.334221149093578,"Modified Decay, Turnover and Spinup parameters"
2012,Litter,Cool temperate wet forest,2892244.7369581945,184465.87289243154,15.679023396619076,"Modified Decay, Turnover and Spinup parameters"
2012,Litter,Polar rain tundra,7106942.427809976,414548.85008504183,17.143799642314857,"Modified Decay, Turnover and Spinup parameters"
2012,Soil Carbon,Boreal wet forest,342816203.6901212,5190377.072927469,66.04841977247068,"Modified Decay, Turnover and Spinup parameters"
2012,Soil Carbon,Cool temperate moist forest,433410055.7207025,6692252.221012427,64.762958927321307,"Modified Decay, Turnover and Spinup parameters"
2012,Soil Carbon,Cool temperate steppe,2658465.181325074,41655.13748523968,63.82082359629925,"Modified Decay, Turnover and Spinup parameters"
2012,Soil Carbon,Cool temperate wet forest,11913584.549995538,184465.87289243154,64.58422017682784,"Modified Decay, Turnover and Spinup parameters"
2012,Soil Carbon,Polar rain tundra,27995250.38199131,414548.85008504183,67.53184908424731,"Modified Decay, Turnover and Spinup parameters"
2012,Total Biomass,Boreal wet forest,80979788.58680497,5190377.072927469,15.601908579857929,"Modified Decay, Turnover and Spinup parameters"
2012,Total Biomass,Cool temperate moist forest,104411907.3456021,6692252.221012427,15.601908579860176,"Modified Decay, Turnover and Spinup parameters"
2012,Total Biomass,Cool temperate steppe,649899.6469261976,41655.13748523968,15.60190857985973,"Modified Decay, Turnover and Spinup parameters"
2012,Total Biomass,Cool temperate wet forest,2878019.684971779,184465.87289243154,15.60190857985993,"Modified Decay, Turnover and Spinup parameters"
2012,Total Biomass,Polar rain tundra,6467753.260912812,414548.85008504183,15.601908579859762,"Modified Decay, Turnover and Spinup parameters"
2013,Deadwood,Boreal wet forest,337038659.5263893,5190377.072927469,64.93529367728445,"Modified Decay, Turnover and Spinup parameters"
2013,Deadwood,Cool temperate moist forest,425212031.64770585,6692252.221012427,63.53795667064359,"Modified Decay, Turnover and Spinup parameters"
2013,Deadwood,Cool temperate steppe,2608503.4017213355,41655.13748523968,62.62140900736789,"Modified Decay, Turnover and Spinup parameters"
2013,Deadwood,Cool temperate wet forest,11675227.268545538,184465.87289243154,63.29207178258804,"Modified Decay, Turnover and Spinup parameters"
2013,Deadwood,Polar rain tundra,27661621.02091714,414548.85008504183,66.72704800711074,"Modified Decay, Turnover and Spinup parameters"
2013,Litter,Boreal wet forest,87809332.21396267,5190377.072927469,16.917717341186655,"Modified Decay, Turnover and Spinup parameters"
2013,Litter,Cool temperate moist forest,108662191.48639117,6692252.221012427,16.237013773212567,"Modified Decay, Turnover and Spinup parameters"
2013,Litter,Cool temperate steppe,656353.0810651664,41655.13748523968,15.756833867076837,"Modified Decay, Turnover and Spinup parameters"
2013,Litter,Cool temperate wet forest,2976137.26081511,184465.87289243154,16.13380954508913,"Modified Decay, Turnover and Spinup parameters"
2013,Litter,Polar rain tundra,7351538.666083094,414548.85008504183,17.733829594690654,"Modified Decay, Turnover and Spinup parameters"
2013,Soil Carbon,Boreal wet forest,342277571.4789241,5190377.072927469,65.94464461247189,"Modified Decay, Turnover and Spinup parameters"
2013,Soil Carbon,Cool temperate moist forest,432836869.00372297,6692252.221012427,64.67730962749667,"Modified Decay, Turnover and Spinup parameters"
2013,Soil Carbon,Cool temperate steppe,2655433.1832061275,41655.13748523968,63.748035500952774,"Modified Decay, Turnover and Spinup parameters"
2013,Soil Carbon,Cool temperate wet forest,11898279.549825035,184465.87289243154,64.50125089947308,"Modified Decay, Turnover and Spinup parameters"
2013,Soil Carbon,Polar rain tundra,27943299.34093349,414548.85008504183,67.40652961695857,"Modified Decay, Turnover and Spinup parameters"
2013,Total Biomass,Boreal wet forest,96019190.01427464,5190377.072927469,18.499463269268418,"Modified Decay, Turnover and Spinup parameters"
2013,Total Biomass,Cool temperate moist forest,123803074.15130943,6692252.221012427,18.49946326926992,"Modified Decay, Turnover and Spinup parameters"
2013,Total Biomass,Cool temperate steppe,770597.6858845626,41655.13748523968,18.4994632692695,"Modified Decay, Turnover and Spinup parameters"
2013,Total Biomass,Cool temperate wet forest,3412519.6400072663,184465.87289243154,18.499463269269462,"Modified Decay, Turnover and Spinup parameters"
2013,Total Biomass,Polar rain tundra,7668931.225466149,414548.85008504183,18.499463269269523,"Modified Decay, Turnover and Spinup parameters"
2014,Deadwood,Boreal wet forest,324852161.00208664,5190377.072927469,62.58739132778728,"Modified Decay, Turnover and Spinup parameters"
2014,Deadwood,Cool temperate moist forest,408986134.60081935,6692252.221012427,61.11337724491002,"Modified Decay, Turnover and Spinup parameters"
2014,Deadwood,Cool temperate steppe,2505180.4001489123,41655.13748523968,60.140970631452426,"Modified Decay, Turnover and Spinup parameters"
2014,Deadwood,Cool temperate wet forest,11225961.137207657,184465.87289243154,60.85657450445539,"Modified Decay, Turnover and Spinup parameters"
2014,Deadwood,Polar rain tundra,26725262.665863514,414548.85008504183,64.46830731862121,"Modified Decay, Turnover and Spinup parameters"
2014,Litter,Boreal wet forest,90157568.35747655,5190377.072927469,17.37013844865533,"Modified Decay, Turnover and Spinup parameters"
2014,Litter,Cool temperate moist forest,111317897.79390767,6692252.221012427,16.633846740621966,"Modified Decay, Turnover and Spinup parameters"
2014,Litter,Cool temperate steppe,671281.3334946972,41655.13748523968,16.115211088489698,"Modified Decay, Turnover and Spinup parameters"
2014,Litter,Cool temperate wet forest,3047742.0113577936,184465.87289243154,16.521982974786006,"Modified Decay, Turnover and Spinup parameters"
2014,Litter,Polar rain tundra,7567161.377167955,414548.85008504183,18.253967839051064,"Modified Decay, Turnover and Spinup parameters"
2014,Soil Carbon,Boreal wet forest,341970189.7948063,5190377.072927469,65.88542315711346,"Modified Decay, Turnover and Spinup parameters"
2014,Soil Carbon,Cool temperate moist forest,432532958.6029405,6692252.221012427,64.63189735211526,"Modified Decay, Turnover and Spinup parameters"
2014,Soil Carbon,Cool temperate steppe,2653926.001256802,41655.13748523968,63.71185312249202,"Modified Decay, Turnover and Spinup parameters"
2014,Soil Carbon,Cool temperate wet forest,11890319.224611938,184465.87289243154,64.4580975232508,"Modified Decay, Turnover and Spinup parameters"
2014,Soil Carbon,Polar rain tundra,27911581.223809082,414548.85008504183,67.33001724183583,"Modified Decay, Turnover and Spinup parameters"
2014,Total Biomass,Boreal wet forest,109104558.72814438,5190377.072927469,21.02054575133351,"Modified Decay, Turnover and Spinup parameters"
2014,Total Biomass,Cool temperate moist forest,140674793.99128166,6692252.221012427,21.020545751337494,"Modified Decay, Turnover and Spinup parameters"
2014,Total Biomass,Cool temperate steppe,875613.723286692,41655.13748523968,21.020545751336485,"Modified Decay, Turnover and Spinup parameters"
2014,Total Biomass,Cool temperate wet forest,3877573.320695564,184465.87289243154,21.02054575133641,"Modified Decay, Turnover and Spinup parameters"
2014,Total Biomass,Polar rain tundra,8714043.069376448,414548.85008504183,21.020545751336236,"Modified Decay, Turnover and Spinup parameters"
2015,Deadwood,Boreal wet forest,313734594.16035986,5190377.072927469,60.44543387739028,"Modified Decay, Turnover and Spinup parameters"
2015,Deadwood,Cool temperate moist forest,394223444.9400954,6692252.221012427,58.90743981559858,"Modified Decay, Turnover and Spinup parameters"
2015,Deadwood,Cool temperate steppe,2411372.727244444,41655.13748523968,57.88896335053279,"Modified Decay, Turnover and Spinup parameters"
2015,Deadwood,Cool temperate wet forest,10817322.866480842,184465.87289243154,58.64132317194953,"Modified Decay, Turnover and Spinup parameters"
2015,Deadwood,Polar rain tundra,25868498.188552525,414548.85008504183,62.401567832707244,"Modified Decay, Turnover and Spinup parameters"
2015,Litter,Boreal wet forest,92200531.53627278,5190377.072927469,17.76374437556421,"Modified Decay, Turnover and Spinup parameters"
2015,Litter,Cool temperate moist forest,113601633.60872325,6692252.221012427,16.975097449560444,"Modified Decay, Turnover and Spinup parameters"
2015,Litter,Cool temperate steppe,684022.93587862,41655.13748523968,16.421094183664636,"Modified Decay, Turnover and Spinup parameters"
2015,Litter,Cool temperate wet forest,3109125.569944994,184465.87289243154,16.854746740921737,"Modified Decay, Turnover and Spinup parameters"
2015,Litter,Polar rain tundra,7757318.627349056,414548.85008504183,18.712676746679424,"Modified Decay, Turnover and Spinup parameters"
2015,Soil Carbon,Boreal wet forest,341787628.22045296,5190377.072927469,65.85025007203924,"Modified Decay, Turnover and Spinup parameters"
2015,Soil Carbon,Cool temperate moist forest,432362594.28007823,6692252.221012427,64.60644040320838,"Modified Decay, Turnover and Spinup parameters"
2015,Soil Carbon,Cool temperate steppe,2653117.6495407834,41655.13748523968,63.69244731171286,"Modified Decay, Turnover and Spinup parameters"
2015,Soil Carbon,Cool temperate wet forest,11885949.887200624,184465.87289243154,64.43441109636433,"Modified Decay, Turnover and Spinup parameters"
2015,Soil Carbon,Polar rain tundra,27891663.34917334,414548.85008504183,67.2819701307857,"Modified Decay, Turnover and Spinup parameters"
2015,Total Biomass,Boreal wet forest,120715681.07021183,5190377.072927469,23.25759369196002,"Modified Decay, Turnover and Spinup parameters"
2015,Total Biomass,Cool temperate moist forest,155645683.04043978,6692252.221012427,23.257593691962374,"Modified Decay, Turnover and Spinup parameters"
2015,Total Biomass,Cool temperate steppe,968798.2628144897,41655.13748523968,23.25759369196127,"Modified Decay, Turnover and Spinup parameters"
2015,Total Biomass,Cool temperate wet forest,4290232.321765142,184465.87289243154,23.25759369196125,"Modified Decay, Turnover and Spinup parameters"
2015,Total Biomass,Polar rain tundra,9641408.720747756,414548.85008504183,23.257593691961485,"Modified Decay, Turnover and Spinup parameters"
2016,Deadwood,Boreal wet forest,303540166.53481156,5190377.072927469,58.48133233287601,"Modified Decay, Turnover and Spinup parameters"
2016,Deadwood,Cool temperate moist forest,380719205.559248,6692252.221012427,56.88954823965847,"Modified Decay, Turnover and Spinup parameters"
2016,Deadwood,Cool temperate steppe,2325721.4230380114,41655.13748523968,55.832763098240186,"Modified Decay, Turnover and Spinup parameters"
2016,Deadwood,Cool temperate wet forest,10443615.867032342,184465.87289243154,56.615436249947315,"Modified Decay, Turnover and Spinup parameters"
2016,Deadwood,Polar rain tundra,25080768.590987545,414548.85008504183,60.501358490904984,"Modified Decay, Turnover and Spinup parameters"
2016,Litter,Boreal wet forest,93989985.1230862,5190377.072927469,18.108508072241868,"Modified Decay, Turnover and Spinup parameters"
2016,Litter,Cool temperate moist forest,115584979.77719916,6692252.221012427,17.271461977222533,"Modified Decay, Turnover and Spinup parameters"
2016,Litter,Cool temperate steppe,695040.3534568017,41655.13748523968,16.685585390351584,"Modified Decay, Turnover and Spinup parameters"
2016,Litter,Cool temperate wet forest,3162286.7730267667,184465.87289243154,17.142936649701085,"Modified Decay, Turnover and Spinup parameters"
2016,Litter,Polar rain tundra,7925726.897113438,414548.85008504183,19.118921438299804,"Modified Decay, Turnover and Spinup parameters"
2016,Soil Carbon,Boreal wet forest,341668538.6813392,5190377.072927469,65.82730577773452,"Modified Decay, Turnover and Spinup parameters"
2016,Soil Carbon,Cool temperate moist forest,432251865.6395621,6692252.221012427,64.58989460713565,"Modified Decay, Turnover and Spinup parameters"
2016,Soil Carbon,Cool temperate steppe,2652580.129643122,41655.13748523968,63.67954326361431,"Modified Decay, Turnover and Spinup parameters"
2016,Soil Carbon,Cool temperate wet forest,11883140.295434194,184465.87289243154,64.41918013942701,"Modified Decay, Turnover and Spinup parameters"
2016,Soil Carbon,Polar rain tundra,27878403.71318515,414548.85008504183,67.2499844287738,"Modified Decay, Turnover and Spinup parameters"
2016,Total Biomass,Boreal wet forest,131157552.78895402,5190377.072927469,25.269368862054318,"Modified Decay, Turnover and Spinup parameters"
2016,Total Biomass,Cool temperate moist forest,169108989.890697,6692252.221012427,25.26936886205906,"Modified Decay, Turnover and Spinup parameters"
2016,Total Biomass,Cool temperate steppe,1052599.0341143094,41655.13748523968,25.269368862059174,"Modified Decay, Turnover and Spinup parameters"
2016,Total Biomass,Cool temperate wet forest,4661336.184580553,184465.87289243154,25.269368862059057,"Modified Decay, Turnover and Spinup parameters"
2016,Total Biomass,Polar rain tundra,10475387.804141425,414548.85008504183,25.269368862059252,"Modified Decay, Turnover and Spinup parameters"
2017,Deadwood,Boreal wet forest,294145354.7778041,5190377.072927469,56.67128816363637,"Modified Decay, Turnover and Spinup parameters"
2017,Deadwood,Cool temperate moist forest,368300635.9706176,6692252.221012427,55.033884529071116,"Modified Decay, Turnover and Spinup parameters"
2017,Deadwood,Cool temperate steppe,2247083.6442177356,41655.13748523968,53.944934043585384,"Modified Decay, Turnover and Spinup parameters"
2017,Deadwood,Cool temperate wet forest,10100034.36519311,184465.87289243154,54.75286136575946,"Modified Decay, Turnover and Spinup parameters"
2017,Deadwood,Polar rain tundra,24353090.91251886,414548.85008504183,58.74601004808719,"Modified Decay, Turnover and Spinup parameters"
2017,Litter,Boreal wet forest,95573061.30089322,5190377.072927469,18.413510224410004,"Modified Decay, Turnover and Spinup parameters"
2017,Litter,Cool temperate moist forest,117331289.89852808,6692252.221012427,17.532407031840442,"Modified Decay, Turnover and Spinup parameters"
2017,Litter,Cool temperate steppe,704734.0779519073,41655.13748523968,16.918299170219445,"Modified Decay, Turnover and Spinup parameters"
2017,Litter,Cool temperate wet forest,3208990.098384328,184465.87289243154,17.396118035641216,"Modified Decay, Turnover and Spinup parameters"
2017,Litter,Polar rain tundra,8075884.993062333,414548.85008504183,19.481141948423257,"Modified Decay, Turnover and Spinup parameters"
2017,Soil Carbon,Boreal wet forest,341577909.5967233,5190377.072927469,65.80984479496921,"Modified Decay, Turnover and Spinup parameters"
2017,Soil Carbon,Cool temperate moist forest,432161289.0091166,6692252.221012427,64.57636005591819,"Modified Decay, Turnover and Spinup parameters"
2017,Soil Carbon,Cool temperate steppe,2652098.105245546,41655.13748523968,63.66797147615479,"Modified Decay, Turnover and Spinup parameters"
2017,Soil Carbon,Cool temperate wet forest,11880815.298952514,184465.87289243154,64.40657620112003,"Modified Decay, Turnover and Spinup parameters"
2017,Soil Carbon,Polar rain tundra,27868676.91060287,414548.85008504183,67.2265208428049,"Modified Decay, Turnover and Spinup parameters"
2017,Total Biomass,Boreal wet forest,140640362.21057904,5190377.072927469,27.096367033552585,"Modified Decay, Turnover and Spinup parameters"
2017,Total Biomass,Cool temperate moist forest,181335722.46167865,6692252.221012427,27.096367033555346,"Modified Decay, Turnover and Spinup parameters"
2017,Total Biomass,Cool temperate steppe,1128702.894133221,41655.13748523968,27.096367033554312,"Modified Decay, Turnover and Spinup parameters"
2017,Total Biomass,Cool temperate wet forest,4998354.997058277,184465.87289243154,27.096367033554177,"Modified Decay, Turnover and Spinup parameters"
2017,Total Biomass,Polar rain tundra,11232767.79524219,414548.85008504183,27.096367033554348,"Modified Decay, Turnover and Spinup parameters"
2018,Deadwood,Boreal wet forest,285445255.5805014,5190377.072927469,54.99509025449377,"Modified Decay, Turnover and Spinup parameters"
2018,Deadwood,Cool temperate moist forest,356821629.9508345,6692252.221012426,53.31861653846235,"Modified Decay, Turnover and Spinup parameters"
2018,Deadwood,Cool temperate steppe,2174496.436994884,41655.13748523968,52.20235889907716,"Modified Decay, Turnover and Spinup parameters"
2018,Deadwood,Cool temperate wet forest,9782515.635913268,184465.87289243154,53.03157425556863,"Modified Decay, Turnover and Spinup parameters"
2018,Deadwood,Polar rain tundra,23677802.685689203,414548.85008504183,57.11703863328017,"Modified Decay, Turnover and Spinup parameters"
2018,Litter,Boreal wet forest,96990513.6690839,5190377.072927469,18.686602592897827,"Modified Decay, Turnover and Spinup parameters"
2018,Litter,Cool temperate moist forest,118893924.28291674,6692252.221012426,17.76590605919065,"Modified Decay, Turnover and Spinup parameters"
2018,Litter,Cool temperate steppe,713434.3122716469,41655.13748523968,17.127162586474462,"Modified Decay, Turnover and Spinup parameters"
2018,Litter,Cool temperate wet forest,3250718.1536232894,184465.87289243154,17.62232819898831,"Modified Decay, Turnover and Spinup parameters"
2018,Litter,Polar rain tundra,8210906.467185789,414548.85008504183,19.806848976909183,"Modified Decay, Turnover and Spinup parameters"
2018,Soil Carbon,Boreal wet forest,341496231.0767894,5190377.072927469,65.79410826585267,"Modified Decay, Turnover and Spinup parameters"
2018,Soil Carbon,Cool temperate moist forest,432070620.2671996,6692252.221012426,64.56281174080354,"Modified Decay, Turnover and Spinup parameters"
2018,Soil Carbon,Cool temperate steppe,2651569.8302458357,41655.13748523968,63.65528936701765,"Modified Decay, Turnover and Spinup parameters"
2018,Soil Carbon,Cool temperate wet forest,11878431.561367407,184465.87289243154,64.39365382394679,"Modified Decay, Turnover and Spinup parameters"
2018,Soil Carbon,Polar rain tundra,27860607.459573586,414548.85008504183,67.20705522125601,"Modified Decay, Turnover and Spinup parameters"
2018,Total Biomass,Boreal wet forest,149317241.66409534,5190377.072927469,28.768091328647465,"Modified Decay, Turnover and Spinup parameters"
2018,Total Biomass,Cool temperate moist forest,192523323.08844367,6692252.221012426,28.76809132864961,"Modified Decay, Turnover and Spinup parameters"
2018,Total Biomass,Cool temperate steppe,1198338.7994829048,41655.13748523968,28.768091328651387,"Modified Decay, Turnover and Spinup parameters"
2018,Total Biomass,Cool temperate wet forest,5306731.078388881,184465.87289243154,28.768091328651455,"Modified Decay, Turnover and Spinup parameters"
2018,Total Biomass,Polar rain tundra,11925779.179433873,414548.85008504183,28.76809132865133,"Modified Decay, Turnover and Spinup parameters"
2019,Deadwood,Boreal wet forest,277350636.5816548,5190377.072927469,53.43554672131438,"Modified Decay, Turnover and Spinup parameters"
2019,Deadwood,Cool temperate moist forest,346158461.5793072,6692252.221012426,51.72525633335129,"Modified Decay, Turnover and Spinup parameters"
2019,Deadwood,Cool temperate steppe,2107147.371131208,41655.13748523968,50.58553394231064,"Modified Decay, Turnover and Spinup parameters"
2019,Deadwood,Cool temperate wet forest,9487620.303271327,184465.87289243154,51.43292986667452,"Modified Decay, Turnover and Spinup parameters"
2019,Deadwood,Polar rain tundra,23048356.08749856,414548.85008504183,55.598649188799705,"Modified Decay, Turnover and Spinup parameters"
2019,Litter,Boreal wet forest,98276443.16948879,5190377.072927469,18.934355209391182,"Modified Decay, Turnover and Spinup parameters"
2019,Litter,Cool temperate moist forest,120316353.38124949,6692252.221012426,17.978454697729195,"Modified Decay, Turnover and Spinup parameters"
2019,Litter,Cool temperate steppe,721404.0351388176,41655.13748523968,17.318488875338463,"Modified Decay, Turnover and Spinup parameters"
2019,Litter,Cool temperate wet forest,3288675.726259784,184465.87289243154,17.828098361465077,"Modified Decay, Turnover and Spinup parameters"
2019,Litter,Polar rain tundra,8333470.315611536,414548.85008504183,20.102504961482783,"Modified Decay, Turnover and Spinup parameters"
2019,Soil Carbon,Boreal wet forest,341413117.9563548,5190377.072927469,65.77809534053591,"Modified Decay, Turnover and Spinup parameters"
2019,Soil Carbon,Cool temperate moist forest,431970318.94175524,6692252.221012426,64.54782406219671,"Modified Decay, Turnover and Spinup parameters"
2019,Soil Carbon,Cool temperate steppe,2650953.651638803,41655.13748523968,63.64049698739219,"Modified Decay, Turnover and Spinup parameters"
2019,Soil Carbon,Cool temperate wet forest,11875739.676426979,184465.87289243154,64.37906096241518,"Modified Decay, Turnover and Spinup parameters"
2019,Soil Carbon,Polar rain tundra,27853097.4174671,414548.85008504183,67.18893904000271,"Modified Decay, Turnover and Spinup parameters"
2019,Total Biomass,Boreal wet forest,157304385.68831903,5190377.072927469,30.306928278641696,"Modified Decay, Turnover and Spinup parameters"
2019,Total Biomass,Cool temperate moist forest,202821608.08483684,6692252.221012426,30.306928278646577,"Modified Decay, Turnover and Spinup parameters"
2019,Total Biomass,Cool temperate steppe,1262439.2642022467,41655.13748523968,30.306928278644783,"Modified Decay, Turnover and Spinup parameters"
2019,Total Biomass,Cool temperate wet forest,5590593.979608545,184465.87289243154,30.30692827864488,"Modified Decay, Turnover and Spinup parameters"
2019,Total Biomass,Polar rain tundra,12563702.26752206,414548.85008504183,30.30692827864485,"Modified Decay, Turnover and Spinup parameters"
2020,Deadwood,Boreal wet forest,269785506.7456587,5190377.072927469,51.97801680976805,"Modified Decay, Turnover and Spinup parameters"
2020,Deadwood,Cool temperate moist forest,336206248.10862184,6692252.221012426,50.23813164916242,"Modified Decay, Turnover and Spinup parameters"
2020,Deadwood,Cool temperate steppe,2044350.3638736522,41655.13748523968,49.07798862980729,"Modified Decay, Turnover and Spinup parameters"
2020,Deadwood,Cool temperate wet forest,9212433.727539893,184465.87289243154,49.94112777116222,"Modified Decay, Turnover and Spinup parameters"
2020,Deadwood,Polar rain tundra,22459148.45573633,414548.85008504183,54.177326631418694,"Modified Decay, Turnover and Spinup parameters"
2020,Litter,Boreal wet forest,99458694.00687042,5190377.072927469,19.16213265614898,"Modified Decay, Turnover and Spinup parameters"
2020,Litter,Cool temperate moist forest,121633060.64857705,6692252.221012426,18.175205690346203,"Modified Decay, Turnover and Spinup parameters"
2020,Litter,Cool temperate steppe,728846.628346975,41655.13748523968,17.49716055085015,"Modified Decay, Turnover and Spinup parameters"
2020,Litter,Cool temperate wet forest,3323815.7837619237,184465.87289243154,18.018594613975868,"Modified Decay, Turnover and Spinup parameters"
2020,Litter,Polar rain tundra,8445828.147521226,414548.85008504183,20.37354137103172,"Modified Decay, Turnover and Spinup parameters"
2020,Soil Carbon,Boreal wet forest,341323521.0839012,5190377.072927469,65.76083322813162,"Modified Decay, Turnover and Spinup parameters"
2020,Soil Carbon,Cool temperate moist forest,431856720.2684141,6692252.221012426,64.53084940708965,"Modified Decay, Turnover and Spinup parameters"
2020,Soil Carbon,Cool temperate steppe,2650239.024990304,41655.13748523968,63.623341200815986,"Modified Decay, Turnover and Spinup parameters"
2020,Soil Carbon,Cool temperate wet forest,11872650.10242862,184465.87289243154,64.36231220585705,"Modified Decay, Turnover and Spinup parameters"
2020,Soil Carbon,Polar rain tundra,27845531.604681697,414548.85008504183,67.1706883253189,"Modified Decay, Turnover and Spinup parameters"
2020,Total Biomass,Boreal wet forest,164692741.07181144,5190377.072927469,31.73040007648648,"Modified Decay, Turnover and Spinup parameters"
2020,Total Biomass,Cool temperate moist forest,212347840.3855045,6692252.221012426,31.73040007649022,"Modified Decay, Turnover and Spinup parameters"
2020,Total Biomass,Cool temperate steppe,1321734.1776478286,41655.13748523968,31.730400076489474,"Modified Decay, Turnover and Spinup parameters"
2020,Total Biomass,Cool temperate wet forest,5853175.947335791,184465.87289243154,31.73040007648993,"Modified Decay, Turnover and Spinup parameters"
2020,Total Biomass,Polar rain tundra,13153800.864447124,414548.85008504183,31.73040007648969,"Modified Decay, Turnover and Spinup parameters"
